Feature Name,Feature Importance
amount,0.07631185384951233
years,0.05582818740049371
income,0.22302393151626013
age,0.05279421598955088
grade_B,0.014111845038619166
grade_C,0.18787014076602032
grade_D,0.2191798516352052
grade_E,0.06428264707222896
grade_F,0.05967922915280131
grade_G,0.010631014012745845
ownership_OTHER,0.0028316223875319868
ownership_OWN,0.01053908743731471
ownership_RENT,0.02291637374171546
