Feature Name,Feature Importance
amount,0.055083395392133826
years,0.046868234739459315
income,0.2134306622301307
age,0.025825170186698585
grade_B,0.03513567143830692
grade_C,0.23459987184777367
grade_D,0.1862992386821574
grade_E,0.10123264055852804
grade_F,0.10152511492481152
grade_G,0.0
ownership_OTHER,0.0
ownership_OWN,0.0
ownership_RENT,0.0
